{"type":"logistic_regression","accuracy":0.522,"featureCount":20,"weights":[-0.021154548351183477,-0.05744199805318503,-0.018697747422600615,0.004956377644383499,-0.011397797031469006,0.006959971809963776,-0.02807396520513333,-0.010561384579655636,0.039274673851978345,0.008075660273638532,-0.01807520429768329,0.02883752926289057,0.04030681045348325,0.03910616964556408,-0.012449008472579024,0.027671726248750153,-0.0029862675890041544,-0.011492330263041934,-0.022131221241289425,0.02177716215626309],"bias":-0.0023880126590947208,"stats":{"mins":[0,0,0,0,0,0,0,0,0,0,0,0,0,0,4.000605495703501,0,0,0,0,0],"maxs":[80,1,180,300,2,1,1,1,39.99695379658124,1,1,1,3,2,9.999952253817796,2,400,160,14.997086730710286,19.999036992089962]}}